Product (CRX),Manufacturer,Category,EPA Reg # (researched),RUP?,Signal word,REI hours,PHI corn,PHI soybean,Follow-up / min interval (days),Plant-back,Notes / flags,Source,Confidence,Label rev date
"Gen Select 2LB (Clethodim 2EC)","Red Eagle","Volunteer/Post","85678-23","no","WARNING (unconfirmed)","24","n/a — NOT labeled for corn","60","n/a (no soil residual; sequential ~14-21d on regrowth)","30 days for non-listed crops","Grass herbicide — it KILLS corn, so corn is a target not a crop. Signal word varies CAUTION/WARNING on generics — confirm on Red Eagle's own label.","EPA PPLS 85678-23","EPA:high, signal:med","2025-03-24"
"Gen Liberty (Glufosinate 280)","Red Eagle","Post Emergence","85678-90","no","WARNING","12","70 (grain; 60 forage)","70","7 (corn) / 5 (soybean) min between apps","same-family 0d; small grains 70d; other 180d","Use post only on LibertyLink/glufosinate-tolerant crops; burndown only on conventional. Greenbook's '85678-42' is STALE — label says 85678-90.","Red Eagle label 85678-90","high","2024-04-17"
"Roundup 5.4# Generic (Glyphosate 54)","Red Eagle","Post Emergence","94398-1-85678","no","CAUTION","4","7","7","n/a (no soil residual; 10d min sequential spacing)","none for labeled crops; 30d for non-listed","FLAG 1: CRX had the WRONG EPA # (524-473 is Bayer's). FLAG 2: this is a 4 lb ae/gal IPA-salt (Roundup Original-class), NOT a 5.4 lb ae potassium (PowerMax) product despite the '54' name — verify the catalog grouping.","Red Eagle label","EPA:high","2014-11-21"
"Gen Quilt Xcel (Cover XL)","Albaugh","Fungicide","42750-289","no","CAUTION","12","30","n/a — growth-stage limit (up to R6), no day-PHI","14 (corn schedule); 14-21 (soybean)","corn 0d; soybean 0d; alfalfa 105d; other 12mo","Max 2 Group-11 apps/yr. Soybean PHI is a growth stage (R6), not a number.","EPA PPLS 42750-289","high","2024-05-17"
"Gen Baythroid XL (Cryptoid XL)","Atticus","Insecticide","91234-295","YES — RESTRICTED USE","WARNING","12","21 (grain/fodder)","21 (seed)","n/a scouting-based (~7d practical min)","none","RUP — retail/use by certified applicators only (fish/aquatic toxicity). Corn max 4 apps/yr.","Atticus specimen 91234-295","high","specimen (undated)"
"Gen Leverage 360 (Cryptonyx 360)","Atticus","Insecticide","91234-292","YES — RESTRICTED USE","CAUTION","12","n/a — NOT labeled for field corn","21 (seed)","7 min (soybean); scouting-based","immediate on-label; cereals 30d; other 12mo","RUP — certified applicators only. Not a corn product (corn only appears as a plant-back crop).","Atticus specimen 91234-292","high","2023-06-07"
"Gen Banvel (Dicamba DMA)","Red Eagle","Pre-Emerge Corn","85678-47","no","CAUTION","24","growth-stage timing (≤8in early-post; 8-36in late-post; harvest at milk/ensilage)","n/a — not applied to growing soybeans","14 (two weeks min); max 2 apps/season","normal-harvest based, no numeric plant-back","This is the DMA-salt corn dicamba (Banvel-type) — NOT the over-the-top Xtend dicamba (XtendiMax/Engenia) which IS RUP. Red Eagle also has 85678-46 (DGA salt) — do not confuse.","EPA PPLS 85678-47","high","2017-09-27"
"Trivapro","Syngenta","Fungicide","100-1613","no","WARNING","12","30","14 (or R6, whichever longer)","14 min interval","table — verify per-crop values","FLAG: CRX had the WRONG EPA # (100-1567). Correct is 100-1613. Corn max 3 apps/yr; soybean max 2.","EPA PPLS 100-1613","high","2024-10-30"
"Miravis Top","Syngenta","Fungicide","100-1602","no","CAUTION","12","n/a — NOT labeled for corn (that's Miravis Neo)","14","7 (soybean; 7-14d schedule)","soybean 0d; cereals 30d; corn 60d; other 365d","EPA # CONFIRMED correct. Soybean max 2 apps/yr.","EPA PPLS 100-1602","high","2019-08-30"
