Activity (orders+deliveries),Product,Manufacturer,Category,Form,EPA Reg # (verify vs current label),RUP? (yes/no),REI hours,PHI days,Follow-up interval days,PHI notes (per crop if it varies),Max rate per season,Signal word (Caution/Warning/Danger),Label verified on (date),Verified by
34,"Gen Liberty: (Cheetah, Glufosinate, Opportunity, Reckon) - Bulk","Various","Post Emergence","liquid","",,,,,,,,,
21,"Roundup 5.4# Generic (Ag Saver 5.4, Slam 5.4) - Bulk","Various","Post Emergence","liquid","524-473",,,,,,,,,
18,"Atrazine 4L - Bulk","Various","Post Emergence","liquid","352-314",,,,,,,,,
17,"Gen Select 2LB: (Ceridian 2EC, Clethodim 2EC, Volunteer) - 2.5 Gal","Various","Volunteer Corn","liquid","",,,,,,,,,
16,"Gen Callisto: (Argos, Calleron, Cavallo, Meso 4SC, Mesotrione) - 1 or 2.5","Various","Post Emergence","liquid","",,,,,,,,,
13,"Zidua SC - 2.5 Gal","BASF","Pre-Emerge Soybean","liquid","7969-344",,,,,,,,,
10,"Gen Warrior 1LB: (Ravage, Lambda Cy, Labamba, Serpent) - 1 Gal","Various","Insecticide","liquid","",,,,,,,,,
10,"Gen Callisto: High Quality (Explorer, Incinerate) - 1 Gal","Various","Post Emergence","liquid","",,,,,,,,,
10,"Generic Stinger: (Bite, CleanSlate, Spur, Stigmata) - 2.5 Gal","Various","Pre-Emerge Corn","liquid","",,,,,,,,,
9,"Gen Baythroid XL: (Cryptoid XL) - 1 Gal","Various","Insecticide","liquid","",,,,,,,,,
9,"Gen Leverage 360: (Cryptonyx 360) - 1 Gal","Various","Insecticide","liquid","",,,,,,,,,
9,"Gen Paraquat: (Parashot 3.0, Helmquat 3SL, Paraquat 3SL) - Bulk","Various","Post Emergence","liquid","",,,,,,,,,
9,"Gen Dual S Moc: (Visor S Moc II, Medal II, Moccasin II Plus, StreliuS II, Bra","Various","Pre-Emerge Soybean","liquid","",,,,,,,,,
8,"Anthem Maxx - 2.5 Gal","FMC","Pre-Emerge Soybean","liquid","279-3468",,,,,,,,,
8,"Gen Sencor Liquid 4#: (Me-Try-Buzin 4L, Metricor 4F, Rancor 4F) - 2.5 Ga","Various","Pre-Emerge Soybean","liquid","",,,,,,,,,
8,"Gen Valor EZ: (Zaltus SC, Flumioxazin 44SC) - 2.5 Gal","Various","Pre-Emerge Soybean","liquid","",,,,,,,,,
7,"Miravis Ace - 2.5 Gal","Syngenta","Fungicide","liquid","100-1645",,,,,,,,,
7,"Miravis Top - 2.5 Gal","Syngenta","Fungicide","liquid","100-1602",,,,,,,,,
7,"Trivapro - Bulk","Syngenta","Fungicide","liquid","100-1567",,,,,,,,,
7,"Gen Warrior 2LB: (Kendo 22.8, Serpent VenomCap, Province II) - 1 Gal","Various","Insecticide","liquid","",,,,,,,,,
7,"Enlist One - Bulk","Corteva","Post Emergence","liquid","62719-595",,,,,,,,,
7,"2, 4D Ester 6# - Bulk","Various","Pre-Emerge Corn","liquid","62719-539",,,,,,,,,
7,"Gen Sencor: (Metriclude DF, Metribuzin, Metrixx, Rancor 4F, Tricor DF) - 5","Various","Pre-Emerge Soybean","dry","",,,,,,,,,
6,"Warrant - Bulk","Bayer","Pre-Emerge Soybean","liquid","524-620",,,,,,,,,
5,"Gen Valor SX: (Zaltus SX, Flumioxazin 51%, Varsity, Panther) - 5#","Various","Pre-Emerge Soybean","dry","",,,,,,,,,
4,"Capreno - 1 Gal","Bayer","Post Emergence","liquid","264-1063",,,,,,,,,
4,"Degree Xtra - Bulk","Bayer","Pre-Emerge Corn","liquid","524-511",,,,,,,,,
4,"Gen Authority: (Aquesta 4F, Blanket 4F, Sulfentrazone 4SC) - 2.5 Gal","Various","Pre-Emerge Soybean","liquid","",,,,,,,,,
4,"Powder Keg - Corn","Alchemy BioScience","Seed Treatment","dry","",,,,,,,,,
4,"Powder Keg - Soybeans","Alchemy BioScience","Seed Treatment","dry","",,,,,,,,,
4,"Gen Select 2LB: (Ceridian 2EC, Clethodim 2EC, Volunteer) - Bulk","Various","Volunteer Corn","liquid","",,,,,,,,,
3,"Miravis Neo - 2.5 Gal","Syngenta","Fungicide","liquid","100-1605",,,,,,,,,
3,"Trivapro - 2.5 Gal","Syngenta","Fungicide","liquid","100-1567",,,,,,,,,
3,"Gen Liberty: Higher Quality (Interline, Inflame) - Bulk","Various","Post Emergence","liquid","",,,,,,,,,
3,"Harmony Extra - 15 oz","Corteva","Post Emergence","dry","62719-495",,,,,,,,,
3,"2, 4D Ester 6# - 2.5 Gal","Various","Pre-Emerge Corn","liquid","62719-539",,,,,,,,,
3,"Gen Banvel: (Dicamba DMA, Disha DMA) - 2.5 Gal","Various","Pre-Emerge Corn","liquid","",,,,,,,,,
3,"Gen Banvel: (Dicamba DMA, Disha DMA) - Bulk","Various","Pre-Emerge Corn","liquid","",,,,,,,,,
3,"Sharpen - 1 Gal","BASF","Pre-Emerge Corn","liquid","7969-361",,,,,,,,,
3,"Sequence - Bulk","Syngenta","Pre-Emerge Soybean","liquid","100-1078",,,,,,,,,
2,"Gen Quilt Xcel: (Aquila XL, Azoxyprop Xtra, Cover XL, Propaz) - 2.5 Gal","Various","Fungicide","liquid","",,,,,,,,,
2,"Zannis SC","Atticus LLC","Herbicide","liquid","",,,,,,,,,
2,"Endigo ZCX - 1 Gal","Syngenta","Insecticide","liquid","100-1218",,,,,,,,,
2,"Gen Capture LFR: (Batallion LFC, Seguro) - 2.5 Gal","Various","Insecticide","liquid","",,,,,,,,,
1,"Veltyma - 2.5 Gal","BASF","Fungicide","liquid","7969-416",,,,,,,,,
